{
  "Rue de Condémines 28, 1950 Sion": [
    46.2297174,
    7.353936
  ],
  "Route de Crans 1, 1978 Lens": [
    46.2822249,
    7.448068
  ],
  "Ch. de l'Eglise, 1955 St-Pierre-de-Clages": [
    46.1865821,
    7.2346506
  ],
  "Rue de la Vouagère 2, 1908 Riddes": [
    46.1703649,
    7.2219808
  ],
  "Gliserallee 91, 3902 Brig-Glis": [
    46.31247,
    7.9811945
  ],
  "Rue des Châteaux 12, 1950 Sion": [
    46.2342133,
    7.3619262
  ],
  "Château de Valère, 1950 Sion": [
    46.2303107,
    7.3569668
  ],
  "Rue de Bourg  30, 3960 Sierre": [
    46.2909697,
    7.530875
  ],
  "Route du Pas 1, 1872 Troistorrents": [
    46.2287302,
    6.9170746
  ],
  "Rue du Manoir 3, 1920 Martigny": [
    46.1024278,
    7.0721213
  ],
  "Route Cantonale 5, 1890 Saint-Maurice": [
    46.1967409,
    7.0213811
  ],
  "Route de la Condémine 21, 1921 Martigny-Croix": [
    46.0842023,
    7.0550941
  ],
  "Rue du Forum 59, 1920 Martigny": [
    46.0951405,
    7.0708043
  ],
  "Rte de Mauvoisin 45, 1934 Le Châble": [
    46.0761106,
    7.2189954
  ],
  "Rue du Bourg 23, 1920 Martigny": [
    46.0906897,
    7.0646802
  ],
  "Avenue du Ritz 18, 1950 Sion": [
    46.2303107,
    7.3569668
  ],
  "Rue Notre Dame des Marais 5, 3960 Sierre": [
    46.2947063,
    7.5343096
  ],
  "Rue Centrale 7, 3963 Crans-Montana": [
    46.3044486,
    7.468871
  ],
  "Rue du Léman 8, 1920 Martigny": [
    46.1041245,
    7.0774287
  ],
  "Place Maurice-Zermatten, 1950 Sion, Valais, Suisse": [
    46.2350172,
    7.3644176
  ],
  "Rue Centrale 37, 3963 Crans-Montana": [
    46.3081007,
    7.4687496
  ],
  "Av. de la Gare 15, 1920 Martigny": [
    46.1033508,
    7.0747773
  ],
  "Avenue du Simplon 6, 1890 St-Maurice": [
    46.2167514,
    7.0042651
  ],
  "3, Rue du Manoir, 1920 Martigny": [
    46.1024278,
    7.0721213
  ],
  "Rue du Vieux-Collège 22, 1950 Sion": [
    46.233743,
    7.3621319
  ],
  "3918 Wiler (Lötschen)": [
    46.406699,
    7.7805193
  ],
  "Bahnhofstrasse 41, 3920 Zermatt": [
    46.0206506,
    7.7464728
  ],
  "Rue du Simplon 1B, 1920 Martigny": [
    46.1021355,
    7.0750858
  ],
  "Aproz, 1994 Nendaz": [
    46.2056774,
    7.3123284
  ],
  "Rue des Industries 11, 1964 Conthey": [
    46.2260461,
    7.3040769
  ]
}